{
    "pos": -2,
    "layer": 23,
    "metrics": {
        "pos": -2,
        "layer": 23,
        "hr_h_score": -0.6436706781387329,
        "hr_nh_score": -1.8825199604034424,
        "acc_h_score": -1.0270040035247803,
        "acc_nh_score": -0.2957143783569336,
        "kl_score": 0.061062492430210114
    }
}