{
    "pos": -2,
    "layer": 26,
    "metrics": {
        "pos": -2,
        "layer": 26,
        "hr_h_score": -1.2310858964920044,
        "hr_nh_score": -2.636842727661133,
        "acc_h_score": -0.7310859560966492,
        "acc_nh_score": -0.247953861951828,
        "kl_score": 0.08765154331922531
    }
}