{
    "pos": -2,
    "layer": 25,
    "metrics": {
        "pos": -2,
        "layer": 25,
        "hr_h_score": -0.26875805854797363,
        "hr_nh_score": -3.364105224609375,
        "acc_h_score": -3.1151866912841797,
        "acc_nh_score": -1.2574876546859741,
        "kl_score": 0.041266269981861115
    }
}