{
    "pos": -1,
    "layer": 29,
    "metrics": {
        "pos": -1,
        "layer": 29,
        "hr_h_score": -1.0132780075073242,
        "hr_nh_score": -4.346445083618164,
        "acc_h_score": -2.607028007507324,
        "acc_nh_score": -1.0192393064498901,
        "kl_score": 0.0762852281332016
    }
}