{
    "pos": -5,
    "layer": 20,
    "metrics": {
        "pos": -5,
        "layer": 20,
        "hr_h_score": -0.4900406002998352,
        "hr_nh_score": -3.1705751419067383,
        "acc_h_score": -1.5847375392913818,
        "acc_nh_score": -0.1862000823020935,
        "kl_score": 0.04036298394203186
    }
}