{
    "pos": -4,
    "layer": 20,
    "metrics": {
        "pos": -4,
        "layer": 20,
        "hr_h_score": -0.5424058437347412,
        "hr_nh_score": -4.699029445648193,
        "acc_h_score": -2.117405891418457,
        "acc_nh_score": -0.0990295484662056,
        "kl_score": 0.045051995664834976
    }
}